ID,Time,Place,Latitude,Longitude,Depth,Magnitude,MagType,net,Updated,Type,Status,locationSource,Source,Year,Month,Country
us6000jpl7,2023-02-17 09:37:34.868000+00:00,130 km SW of Tual,-6.5986,132.0763,38.615,6.1,mww,us,2023-02-17T17:58:24.040Z,earthquake,reviewed,us,us,2023,2,Indonesia
us6000jpb1,2023-02-16 05:37:05.138000+00:00,7 km SW of Port-Olry,-15.0912,167.0294,36.029,5.6,mww,us,2023-02-17T05:41:32.448Z,earthquake,reviewed,us,us,2023,2,Vanuatu
us6000jp76,2023-02-15 18:10:10.060000+00:00,Masbate region,12.3238,123.8662,20.088,6.1,mww,us,2023-02-16T20:12:32.595Z,earthquake,reviewed,us,us,2023,2,Philippines
us6000jp1g,2023-02-15 06:38:09.034000+00:00,54 km WNW of Otaki,-40.5465,174.5709,74.32,5.7,mww,us,2023-02-16T06:42:09.738Z,earthquake,reviewed,us,us,2023,2,New Zealand
us6000jnqz,2023-02-14 13:16:51.072000+00:00,2 km NW of Lele?ti,45.1126,23.1781,10.0,5.6,mww,us,2023-02-17T09:15:18.586Z,earthquake,reviewed,us,us,2023,2,Romania
us6000jnk5,2023-02-13 09:18:07.995000+00:00,Kermadec Islands,-29.5218,-177.9727,374.033,6.1,mww,us,2023-02-14T09:20:59.238Z,earthquake,reviewed,us,us,2023,2,New Zealand
us6000jmq0,2023-02-09 10:53:17.268000+00:00,45 km SW of Kirakira,-10.7636,161.644,35.0,5.5,mww,us,2023-02-10T10:56:36.462Z,earthquake,reviewed,us,us,2023,2,Solomon Islands
us6000jm5e,2023-02-07 03:13:12.767000+00:00,8 km ESE of Gölba??,37.7582,37.7303,10.0,5.5,mww,us,2023-02-09T21:31:31.564Z,earthquake,reviewed,us,us,2023,2,Turkey
us6000jm4c,2023-02-07 00:35:51.673000+00:00,81 km WSW of Pelabuhanratu,-7.345,105.9037,57.855,5.5,mb,us,2023-02-08T14:33:57.388Z,earthquake,reviewed,us,us,2023,2,Indonesia
us6000jlrc,2023-02-06 12:02:11.825000+00:00,5 km NE of Göksun,38.0605,36.537,10.0,6.0,mb,us,2023-02-16T21:13:41.161Z,earthquake,reviewed,us,us,2023,2,Turkey
us6000jlql,2023-02-06 10:51:30.942000+00:00,16 km ENE of Do?an?ehir,38.1236,38.0529,12.336,5.7,mb,us,2023-02-08T06:06:26.219Z,earthquake,reviewed,us,us,2023,2,Turkey
us6000jlqe,2023-02-06 10:35:58.653000+00:00,13 km SW of Do?an?ehir,38.0084,37.7505,10.0,5.8,mb,us,2023-02-07T10:41:46.479Z,earthquake,reviewed,us,us,2023,2,Turkey
us6000jlqa,2023-02-06 10:24:49.258000+00:00,4 km SSE of Ekinözü,38.0235,37.203,10.0,7.5,mww,us,2023-02-17T20:24:03.165Z,earthquake,reviewed,us,us,2023,2,Turkey
us6000jlmh,2023-02-06 02:03:36.258000+00:00,2 km S of Tut,37.7769,37.9199,10.0,5.5,mb,us,2023-02-07T02:09:13.772Z,earthquake,reviewed,us,us,2023,2,Turkey
us6000jllz,2023-02-06 01:17:35.525000+00:00,27 km E of Nurda??,37.1662,37.0421,17.943,7.8,mww,us,2023-02-17T20:33:16.918Z,earthquake,reviewed,us,us,2023,2,Turkey
us6000jlhg,2023-02-05 01:02:45.925000+00:00,28 km N of La Serena,-29.6451,-71.2485,68.019,5.5,mww,us,2023-02-06T01:06:31.032Z,earthquake,reviewed,us,us,2023,2,Chile
us6000jlh9,2023-02-05 00:03:19.589000+00:00,Izu Islands,32.6723,141.7624,10.0,5.8,mww,us,2023-02-06T00:10:18.635Z,earthquake,reviewed,us,us,2023,2,Japan region
us6000jlds,2023-02-04 12:22:37.007000+00:00,41 km ESE of Kainantu,-6.3817,146.2246,111.785,5.9,mww,us,2023-02-07T10:44:05.452Z,earthquake,reviewed,us,us,2023,2,Papua New Guinea
us6000jkpr,2023-02-01 10:44:46.054000+00:00,Mindanao,7.74,126.056,19.0,6.0,mww,us,2023-02-15T06:09:09.917Z,earthquake,reviewed,us,us,2023,2,Philippines
us6000jk82,2023-01-29 23:49:38.212000+00:00,110 km ESE of Aral,40.0166,82.3702,28.0,5.7,mww,us,2023-02-15T05:39:54.884Z,earthquake,reviewed,us,us,2023,1,China
us6000jk0t,2023-01-28 18:14:45.863000+00:00,14 km SSW of Khowy,38.4239,44.9091,16.0,5.9,mww,us,2023-02-04T04:28:47.132Z,earthquake,reviewed,us,us,2023,1,Iran
us6000jjcy,2023-01-26 10:45:52.904000+00:00,Kermadec Islands,-30.2276,-178.6745,131.0,6.0,mww,us,2023-01-28T01:33:17.988Z,earthquake,reviewed,us,us,2023,1,New Zealand
us6000jjbj,2023-01-26 04:23:51.234000+00:00,167 km NW of Tobelo,2.8388,126.9805,35.0,5.7,mww,us,2023-02-14T06:14:30.812Z,earthquake,reviewed,us,us,2023,1,Indonesia
us6000jj5k,2023-01-25 12:37:05.134000+00:00,60 km SE of Lárdos,35.7086,28.4965,29.59,5.9,mww,us,2023-02-08T14:08:40.038Z,earthquake,reviewed,us,us,2023,1,Greece
us6000jiyj,2023-01-24 18:37:00.133000+00:00,31 km WSW of Campo Gallo,-26.7346,-63.118,596.117,6.4,mww,us,2023-02-03T01:28:14.587Z,earthquake,reviewed,us,us,2023,1,Argentina
us6000jivm,2023-01-24 08:58:32.284000+00:00,62 km NW of Jumla,29.5974,81.6522,25.227,5.6,mb,us,2023-01-27T04:20:40.414Z,earthquake,reviewed,us,us,2023,1,Nepal
us6000jitq,2023-01-24 02:13:14.926000+00:00,168 km NW of Tobelo,2.8209,126.9485,35.0,5.8,mww,us,2023-02-07T04:17:39.651Z,earthquake,reviewed,us,us,2023,1,Indonesia
us7000j5x2,2023-01-20 22:09:39.043000+00:00,31 km SW of Campo Gallo,-26.7513,-63.1017,596.733,6.8,mww,us,2023-02-07T03:14:50.979Z,earthquake,reviewed,us,us,2023,1,Argentina
us7000j5sc,2023-01-20 11:23:40.603000+00:00,40 km WSW of Pointe-Noire,16.1397,-62.1529,162.0,6.1,mww,us,2023-02-13T18:23:05.297Z,earthquake,reviewed,us,us,2023,1,Guadeloupe
pt23020000,2023-01-20 11:23:40+00:00,24 km W of Pointe-Noire,16.239,-62.015,165.3,5.8,Mi,pt,2023-01-20T19:25:03.931Z,earthquake,reviewed,pt,pt,2023,1,Guadeloupe
us7000j56g,2023-01-18 08:01:26.318000+00:00,146 km NW of Tobelo,2.7047,127.1169,48.234,5.5,mb,us,2023-02-14T08:45:20.110Z,earthquake,reviewed,us,us,2023,1,Indonesia
us7000j553,2023-01-18 06:06:11.334000+00:00,156 km NW of Tobelo,2.7357,127.0274,28.855,7.0,mwc,us,2023-02-15T07:36:51.119Z,earthquake,reviewed,us,us,2023,1,Indonesia
us7000j511,2023-01-18 00:34:45.136000+00:00,Sulawesi,-0.0134,123.2002,154.0,6.0,mww,us,2023-02-02T05:24:22.181Z,earthquake,reviewed,us,us,2023,1,Indonesia
us7000j4mj,2023-01-16 04:49:51.935000+00:00,Bonin Islands,28.9804,139.3452,405.0,6.3,mww,us,2023-02-01T04:01:59.206Z,earthquake,reviewed,us,us,2023,1,Japan region
us7000j4kr,2023-01-15 22:29:58.919000+00:00,40 km SE of Singkil,2.0042,98.0141,37.0,6.2,mww,us,2023-01-18T03:41:10.755Z,earthquake,reviewed,us,us,2023,1,Indonesia
us7000j4ij,2023-01-15 12:04:17.706000+00:00,21 km WNW of Port-Olry,-14.9612,166.8939,31.66,5.6,mww,us,2023-02-04T08:14:45.307Z,earthquake,reviewed,us,us,2023,1,Vanuatu
us7000j3ty,2023-01-12 06:19:10.052000+00:00,17 km W of Ovalle,-30.6176,-71.3759,49.0,5.5,mww,us,2023-02-04T07:31:28.266Z,earthquake,reviewed,us,us,2023,1,Chile
us7000j3ky,2023-01-11 08:39:52.972000+00:00,36 km NW of Port-Olry,-14.7776,166.8713,15.0,5.8,mww,us,2023-02-09T08:34:23.070Z,earthquake,reviewed,us,us,2023,1,Vanuatu
us7000j3cb,2023-01-10 05:24:49.026000+00:00,16 km ENE of Port-Olry,-15.0023,167.2176,113.039,5.7,mww,us,2023-01-29T06:15:13.821Z,earthquake,reviewed,us,us,2023,1,Vanuatu
us7000j36j,2023-01-09 17:47:35.038000+00:00,Pulau Pulau Tanimbar,-7.0652,130.0047,105.14,7.6,mww,us,2023-02-09T00:39:09.070Z,earthquake,reviewed,us,us,2023,1,Indonesia
us7000j2b9,2023-01-05 14:25:53.152000+00:00,45 km S of Jurm,36.4617,70.7387,205.293,6.0,mww,us,2023-01-30T14:34:15.831Z,earthquake,reviewed,us,us,2023,1,Afghanistan
us7000j1g5,2023-01-01 18:24:29.845000+00:00,10 km E of Jayapura,-2.527,140.8105,13.715,5.5,mww,us,2023-02-09T15:25:34.046Z,earthquake,reviewed,us,us,2023,1,Indonesia
us6000jbsk,2022-12-26 12:21:07.723000+00:00,66 km ENE of ?d?grat,14.521,40.0212,10.0,5.5,mww,us,2023-01-31T00:35:22.040Z,earthquake,reviewed,us,us,2022,12,Ethiopia
us6000jbf0,2022-12-24 08:35:41.508000+00:00,Bonin Islands,28.2943,138.8056,519.989,5.5,mww,us,2023-02-01T13:02:00.337Z,earthquake,reviewed,us,us,2022,12,Japan region
us6000jb2a,2022-12-22 13:13:55.515000+00:00,46 km NNE of Pucallpa,-7.9816,-74.4173,155.984,5.5,mww,us,2023-01-15T18:05:12.288Z,earthquake,reviewed,us,us,2022,12,Peru
nc73821036,2022-12-20 10:34:24.770000+00:00,15km WSW of Ferndale,40.525,-124.423,17.91,6.4,mw,nc,2023-02-14T10:44:40.612Z,earthquake,reviewed,nc,nc,2022,12,CA
us6000ja1a,2022-12-17 18:06:02.988000+00:00,25 km ESE of Miyazaki,31.7958,131.6429,30.0,5.6,mww,us,2023-01-25T17:20:56.780Z,earthquake,reviewed,us,us,2022,12,Japan
us6000j9es,2022-12-15 14:32:23.385000+00:00,40 km S of Puerto El Triunfo,12.9159,-88.5083,66.834,5.6,mww,us,2023-02-17T19:41:14.570Z,earthquake,reviewed,us,us,2022,12,El Salvador
us6000j985,2022-12-14 18:40:26.898000+00:00,"Rat Islands, Aleutian Islands",51.6079,178.5971,73.0,6.3,mww,us,2023-02-15T18:50:36.929Z,earthquake,reviewed,us,us,2022,12,Alaska
us6000j901,2022-12-13 14:25:17.214000+00:00,95 km S of Naze,27.5074,129.5492,19.0,5.6,mww,us,2023-01-08T22:02:23.918Z,earthquake,reviewed,us,us,2022,12,Japan
us6000j8lp,2022-12-11 14:31:29.438000+00:00,Guerrero,17.2004,-100.5405,18.0,6.0,mww,us,2023-02-17T19:04:46.732Z,earthquake,reviewed,us,us,2022,12,Mexico
us6000j8cw,2022-12-10 06:41:29.730000+00:00,20 km SSE of San Pedro de Atacama,-23.0906,-68.1419,117.0,5.6,mww,us,2023-01-19T06:51:08.685Z,earthquake,reviewed,us,us,2022,12,Chile
us6000j88f,2022-12-09 20:01:56.492000+00:00,6 km ESE of Nangan,6.4472,126.1762,72.166,5.6,mww,us,2023-02-11T23:03:22.040Z,earthquake,reviewed,us,us,2022,12,Philippines
us6000j83l,2022-12-09 06:32:59.635000+00:00,96 km NE of Cabatuan,13.1588,125.8253,9.0,5.8,mww,us,2023-02-11T23:03:19.040Z,earthquake,reviewed,us,us,2022,12,Philippines
us6000j7uj,2022-12-08 06:42:15.112000+00:00,7 km E of Tsurib,42.236,46.9267,61.331,5.5,mww,us,2023-02-11T23:03:15.040Z,earthquake,reviewed,us,us,2022,12,Russia
us6000j7r0,2022-12-08 00:50:55.572000+00:00,17 km NW of Ciranjang-hilir,-6.7109,107.1456,107.0,5.8,mww,us,2023-02-11T23:03:15.040Z,earthquake,reviewed,us,us,2022,12,Indonesia
us6000j77l,2022-12-06 06:07:48.037000+00:00,269 km S of Kencong,-10.7234,113.386,17.0,5.9,mww,us,2023-02-11T23:03:10.040Z,earthquake,reviewed,us,us,2022,12,Indonesia
us6000j71p,2022-12-05 16:19:23.716000+00:00,109 km NE of Hihifo,-15.2285,-173.1022,39.0,5.6,mww,us,2023-02-11T23:03:08.040Z,earthquake,reviewed,us,us,2022,12,Tonga
us6000j6w8,2022-12-04 19:24:15.394000+00:00,109 km NE of Hihifo,-15.3497,-172.9867,38.0,6.8,mww,us,2023-02-11T23:03:06.040Z,earthquake,reviewed,us,us,2022,12,Tonga
us6000j6w5,2022-12-04 19:00:07.489000+00:00,279 km SSE of Isangel,-21.6779,170.7032,138.685,5.5,mww,us,2023-02-11T23:03:06.040Z,earthquake,reviewed,us,us,2022,12,Vanuatu
us6000j6u0,2022-12-04 09:53:12.817000+00:00,34 km S of Lambaréné,-1.0138,10.2364,10.0,5.5,mww,us,2023-02-11T23:03:05.040Z,earthquake,reviewed,us,us,2022,12,Gabon
us6000j6k5,2022-12-03 09:49:40.213000+00:00,20 km ESE of Banjar,-7.2331,107.6139,120.0,5.6,mww,us,2023-02-11T23:03:03.040Z,earthquake,reviewed,us,us,2022,12,Indonesia
us7000isuh,2022-11-28 02:51:23.655000+00:00,275 km SSW of Lajes das Flores,37.0894,-32.4044,10.0,5.9,mww,us,2023-02-05T23:24:27.040Z,earthquake,reviewed,us,us,2022,11,Portugal
us7000irp8,2022-11-23 01:08:15.435000+00:00,15 km W of Düzce,40.8356,30.9831,10.0,6.1,mww,us,2023-02-07T07:10:15.191Z,earthquake,reviewed,us,us,2022,11,Turkey
us7000irjd,2022-11-22 16:39:05.789000+00:00,28 km SW of Las Brisas,30.7936,-116.3907,10.0,6.2,mww,us,2023-01-30T06:00:59.040Z,earthquake,reviewed,us,us,2022,11,Mexico
us7000iscx,2022-11-22 02:13:03.111000+00:00,20 km WSW of Malango,-9.7898,159.554,10.0,5.6,mb,us,2023-01-30T06:00:42.040Z,earthquake,reviewed,us,us,2022,11,Solomon Islands
us7000iscy,2022-11-22 02:07:53.530000+00:00,35 km WSW of Malango,-9.7991,159.4073,10.0,5.5,mb,us,2023-01-30T06:00:41.040Z,earthquake,reviewed,us,us,2022,11,Solomon Islands
us7000irfb,2022-11-22 02:03:06.891000+00:00,18 km SW of Malango,-9.8198,159.6033,14.0,7.0,mww,us,2023-01-30T06:00:41.040Z,earthquake,reviewed,us,us,2022,11,Solomon Islands
us7000irbb,2022-11-21 15:09:29.003000+00:00,86 km SSE of Nikolski,52.2913,-168.1639,13.217,5.5,mww,us,2023-01-30T06:00:36.040Z,earthquake,reviewed,us,us,2022,11,Alaska
us7000ir9t,2022-11-21 06:21:07.066000+00:00,11 km NE of Sukabumi,-6.836,106.9968,10.0,5.6,mww,us,2023-02-10T06:11:26.621Z,earthquake,reviewed,us,us,2022,11,Indonesia
us7000ir86,2022-11-20 23:24:58.462000+00:00,Crete,35.8357,26.4319,63.0,5.5,mww,us,2023-01-30T06:00:29.040Z,earthquake,reviewed,us,us,2022,11,Greece
us7000iqpn,2022-11-18 13:37:08.687000+00:00,204 km SW of Bengkulu,-4.9043,100.7862,25.0,6.9,mww,us,2023-01-28T19:58:26.040Z,earthquake,reviewed,us,us,2022,11,Indonesia
us7000iqdn,2022-11-17 11:21:29.823000+00:00,257 km ESE of Tadine,-22.2473,170.2616,13.49,5.5,mww,us,2023-01-28T19:58:21.040Z,earthquake,reviewed,us,us,2022,11,New Caledonia
us7000iq83,2022-11-16 22:26:52.703000+00:00,142 km SE of Lata,-11.7284,166.6162,138.0,5.8,mww,us,2023-01-28T19:58:19.040Z,earthquake,reviewed,us,us,2022,11,Solomon Islands
us7000iq2d,2022-11-16 06:01:32.035000+00:00,197 km WSW of Bengkulu,-4.7623,100.7623,10.0,5.5,mww,us,2023-01-28T19:58:18.040Z,earthquake,reviewed,us,us,2022,11,Indonesia
us7000ipkm,2022-11-14 08:08:26.124000+00:00,85 km SSE of Toba,33.8139,137.3055,346.0,6.1,mww,us,2023-01-28T19:58:14.040Z,earthquake,reviewed,us,us,2022,11,Japan
us7000ipe4,2022-11-13 02:24:57.830000+00:00,Near the coast of Bio-Bio,-37.4652,-73.6757,18.0,6.2,mww,us,2023-01-28T19:58:11.040Z,earthquake,reviewed,us,us,2022,11,Chile
us7000ipe2,2022-11-13 02:24:01.222000+00:00,Near the coast of Bio-Bio,-37.553,-73.7598,22.155,5.7,mwr,us,2023-01-28T19:58:11.040Z,earthquake,reviewed,us,us,2022,11,Chile
us7000ip7p,2022-11-12 04:39:46.329000+00:00,12 km E of La Gomera,14.1024,-90.94,93.543,5.8,mww,us,2023-01-28T19:58:08.040Z,earthquake,reviewed,us,us,2022,11,Guatemala
us7000ip0l,2022-11-11 10:48:46.710000+00:00,205 km ESE of Neiafu,-19.2881,-172.1471,37.0,7.3,mww,us,2023-01-21T19:27:21.040Z,earthquake,reviewed,us,us,2022,11,Tonga
us7000inqd,2022-11-10 05:01:05.611000+00:00,16 km SSE of Shi Yomi,28.3835,94.4118,15.0,5.5,mww,us,2023-01-21T19:27:18.040Z,earthquake,reviewed,us,us,2022,11,India
us7000imsg,2022-11-06 00:03:12.098000+00:00,124 km N of Manado,2.5867,124.6644,231.0,5.6,mww,us,2023-01-21T19:27:09.040Z,earthquake,reviewed,us,us,2022,11,Indonesia
us7000ilkv,2022-10-31 21:42:50.853000+00:00,12 km WSW of Tortora Marina,39.8773,15.6395,271.217,5.5,mww,us,2023-01-12T23:10:50.040Z,earthquake,reviewed,us,us,2022,10,Italy
us7000ilgs,2022-10-31 13:22:44.105000+00:00,119 km N of Alianza Cristiana,-2.4103,-76.2393,149.348,5.6,mww,us,2023-01-12T23:10:46.040Z,earthquake,reviewed,us,us,2022,10,Peru
us7000il35,2022-10-29 00:09:47.791000+00:00,66 km WSW of Santiago,-14.5133,-76.2261,15.0,5.8,mww,us,2023-01-12T23:10:26.040Z,earthquake,reviewed,us,us,2022,10,Peru
us7000il1g,2022-10-28 20:22:05.733000+00:00,62 km SW of Santiago,-14.5218,-76.1705,14.0,5.9,mww,us,2023-01-03T15:23:48.040Z,earthquake,reviewed,us,us,2022,10,Peru
us6000iwds,2022-10-25 14:59:00.085000+00:00,11 km E of Dolores,17.6609,120.8147,6.0,6.4,mww,us,2023-01-03T15:23:38.040Z,earthquake,reviewed,us,us,2022,10,Philippines
us6000iw1e,2022-10-24 07:51:00.581000+00:00,107 km NNE of Hihifo,-15.1416,-173.2502,31.0,5.7,mww,us,2023-01-03T15:23:36.040Z,earthquake,reviewed,us,us,2022,10,Tonga
us6000iv6c,2022-10-20 11:57:12.575000+00:00,60 km SSW of Boca Chica,7.6901,-82.3342,20.0,6.7,mww,us,2022-12-31T23:03:41.040Z,earthquake,reviewed,us,us,2022,10,Panama
us6000iuvx,2022-10-19 15:03:02.176000+00:00,81 km ENE of Georgetown,-7.7427,-13.6947,10.0,5.8,mww,us,2022-12-31T23:03:39.040Z,earthquake,reviewed,us,us,2022,10,Saint Helena
us6000iust,2022-10-19 08:05:40.546000+00:00,6 km SW of Magsaysay,6.7327,125.1351,34.0,5.5,mww,us,2022-12-31T23:03:39.040Z,earthquake,reviewed,us,us,2022,10,Philippines
us6000itgv,2022-10-13 22:20:20.620000+00:00,155 km ESE of Kokopo,-4.812,153.5906,72.0,6.4,mww,us,2022-12-17T22:54:03.040Z,earthquake,reviewed,us,us,2022,10,Papua New Guinea
us6000isjn,2022-10-10 19:24:39.976000+00:00,69 km E of Hualien City,23.9304,122.2867,15.0,5.5,mww,us,2022-12-17T22:53:51.040Z,earthquake,reviewed,us,us,2022,10,Taiwan
us6000irs7,2022-10-07 09:24:52.516000+00:00,99 km NE of Hihifo,-15.2451,-173.2323,10.0,5.5,mww,us,2022-12-10T22:12:24.306Z,earthquake,reviewed,us,us,2022,10,Tonga
us6000ir0b,2022-10-05 08:26:19.474000+00:00,1 km S of Huangala,-4.8548,-80.5995,35.0,5.8,mww,us,2022-12-12T03:03:50.779Z,earthquake,reviewed,us,us,2022,10,Peru
us6000iqx6,2022-10-05 00:21:29.702000+00:00,8 km SE of Khowy,38.5064,45.0259,15.0,5.6,mww,us,2022-12-10T22:53:11.040Z,earthquake,reviewed,us,us,2022,10,Iran
us6000iq9e,2022-10-02 19:00:22.031000+00:00,69 km E of La Rivera,23.4994,-108.9089,10.0,5.7,mww,us,2022-12-10T22:52:49.040Z,earthquake,reviewed,us,us,2022,10,Mexico
us6000iq0y,2022-10-01 16:36:49.716000+00:00,102 km SSW of Manuel Ávila Camacho (Ponte Duro),14.9867,-94.0236,22.848,5.5,mww,us,2022-12-10T22:52:34.040Z,earthquake,reviewed,us,us,2022,10,Mexico
us6000iq08,2022-10-01 15:02:32.377000+00:00,26 km SE of Kushima,31.3495,131.4691,31.0,5.7,mww,us,2022-12-10T22:52:33.040Z,earthquake,reviewed,us,us,2022,10,Japan
us6000ipri,2022-09-30 19:28:40.152000+00:00,41 km NNE of Sibolga,2.1277,98.9004,18.363,5.9,mww,us,2022-12-03T22:02:54.040Z,earthquake,reviewed,us,us,2022,9,Indonesia
us6000ipft,2022-09-29 22:22:36.730000+00:00,78 km SE of Mawlaik,23.1002,94.8968,150.0,5.6,mww,us,2022-12-03T22:02:42.040Z,earthquake,reviewed,us,us,2022,9,Myanmar
us7000iam0,2022-09-23 22:53:27.870000+00:00,156 km WNW of Ancud,-41.3788,-75.5767,20.0,6.1,mww,us,2022-12-02T19:49:24.851Z,earthquake,reviewed,us,us,2022,9,Chile
us7000iaka,2022-09-23 20:52:58.398000+00:00,37 km SSW of Meulaboh,3.8109,96.0514,42.181,6.2,mww,us,2022-11-26T20:58:00.040Z,earthquake,reviewed,us,us,2022,9,Indonesia
us7000ia36,2022-09-22 06:16:09.459000+00:00,55 km SSW of Aguililla,18.2633,-102.9554,20.0,6.8,mww,us,2022-11-26T20:57:52.040Z,earthquake,reviewed,us,us,2022,9,Mexico
us7000i9uu,2022-09-21 09:30:47.228000+00:00,136 km N of Lae,-5.49,147.0059,191.0,5.7,mww,us,2022-11-26T20:57:49.040Z,earthquake,reviewed,us,us,2022,9,Papua New Guinea
us7000i9l5,2022-09-20 18:23:42.896000+00:00,254 km ESE of Ust’-Kamchatsk Staryy,55.5042,166.3282,10.0,6.0,mww,us,2022-11-26T20:57:46.040Z,earthquake,reviewed,us,us,2022,9,Russia
us7000i9hm,2022-09-20 08:17:10.977000+00:00,20 km S of La Placita de Morelos,18.3487,-103.6243,16.0,5.8,mww,us,2022-11-26T20:57:45.040Z,earthquake,reviewed,us,us,2022,9,Mexico
us7000i9bw,2022-09-19 18:05:08.217000+00:00,35 km SSW of Aguililla,18.4552,-102.9561,26.943,7.6,mww,us,2023-02-10T08:22:50.950Z,earthquake,reviewed,us,us,2022,9,Mexico
us7000i96l,2022-09-19 02:07:42.832000+00:00,68 km SSW of Hualien City,23.371,121.4499,9.0,5.5,mww,us,2022-11-26T20:57:41.040Z,earthquake,reviewed,us,us,2022,9,Taiwan
us7000i929,2022-09-18 09:41:45.809000+00:00,165 km W of Lata,-10.7758,164.2895,10.0,5.7,mww,us,2022-11-26T20:57:38.040Z,earthquake,reviewed,us,us,2022,9,Solomon Islands
us7000i928,2022-09-18 09:39:56.516000+00:00,80 km SE of Lugu,23.2178,121.2918,10.0,5.9,mww,us,2022-11-26T20:57:38.040Z,earthquake,reviewed,us,us,2022,9,Taiwan
us7000i91n,2022-09-18 08:09:58.854000+00:00,166 km W of Itoman,26.2583,126.0051,10.0,5.7,mww,us,2022-11-26T20:57:37.040Z,earthquake,reviewed,us,us,2022,9,Japan
us7000i90q,2022-09-18 06:44:13.846000+00:00,90 km E of Yujing,23.138,121.3439,10.0,6.9,mww,us,2022-11-27T01:30:45.570Z,earthquake,reviewed,us,us,2022,9,Taiwan
us7000i903,2022-09-18 05:19:17.747000+00:00,87 km E of Yujing,23.0986,121.3134,11.0,5.6,mww,us,2022-11-26T20:57:37.040Z,earthquake,reviewed,us,us,2022,9,Taiwan
us7000i8ui,2022-09-17 13:41:17.890000+00:00,96 km SE of Lugu,23.1191,121.4138,10.0,6.5,mww,us,2022-11-26T20:57:33.040Z,earthquake,reviewed,us,us,2022,9,Taiwan
us7000i7ya,2022-09-14 11:04:06.558000+00:00,209 km SSE of Isangel,-21.1909,170.2666,137.0,7.0,mww,us,2022-11-19T23:03:11.040Z,earthquake,reviewed,us,us,2022,9,Vanuatu
us7000i7uj,2022-09-14 05:08:04.523000+00:00,283 km SSE of Ta`?,-16.7075,-168.8394,8.0,5.8,mww,us,2023-02-15T05:18:18.281Z,earthquake,reviewed,us,us,2022,9,American Samoa
us7000i7b8,2022-09-12 08:14:39.695000+00:00,160 km E of Pondaguitan,6.1524,127.6087,10.0,5.7,mww,us,2022-11-19T23:02:45.040Z,earthquake,reviewed,us,us,2022,9,Philippines
us6000iitd,2022-09-10 23:47:00.233000+00:00,70 km E of Kainantu,-6.2944,146.5038,116.0,7.6,mww,us,2022-11-19T23:02:16.040Z,earthquake,reviewed,us,us,2022,9,Papua New Guinea
us6000iisl,2022-09-10 23:24:00.499000+00:00,179 km WSW of Pariaman,-1.2041,98.618,10.0,5.7,mb,us,2022-11-19T23:02:16.040Z,earthquake,reviewed,us,us,2022,9,Indonesia
us6000iisb,2022-09-10 23:10:43.721000+00:00,173 km WSW of Pariaman,-1.149,98.654,20.0,6.0,mww,us,2022-11-19T23:02:15.040Z,earthquake,reviewed,us,us,2022,9,Indonesia
us6000iikp,2022-09-10 00:05:12.947000+00:00,260 km ESE of Biak,-2.2313,138.1784,21.0,6.2,mww,us,2022-11-19T23:02:11.040Z,earthquake,reviewed,us,us,2022,9,Indonesia
us6000iikc,2022-09-09 23:44:11.525000+00:00,262 km ESE of Biak,-2.2644,138.1792,30.0,5.9,mww,us,2022-11-15T19:05:55.040Z,earthquake,reviewed,us,us,2022,9,Indonesia
us6000iika,2022-09-09 23:31:47.409000+00:00,Papua,-2.2492,138.1979,18.0,6.2,mww,us,2022-11-15T19:05:55.040Z,earthquake,reviewed,us,us,2022,9,Indonesia
us6000ii2v,2022-09-08 07:36:23.175000+00:00,45 km SW of Lixoúri,37.8942,20.0987,10.482,5.5,mww,us,2022-11-15T19:05:48.040Z,earthquake,reviewed,us,us,2022,9,Greece
us7000i59t,2022-09-05 04:52:19.645000+00:00,44 km SE of Kangding,29.6786,102.236,12.0,6.6,mww,us,2023-02-04T11:44:13.731Z,earthquake,reviewed,us,us,2022,9,China
us7000i4st,2022-09-02 22:39:51.520000+00:00,110 km WNW of Kandrian,-5.6524,148.7121,125.0,6.1,mww,us,2022-11-06T04:35:47.040Z,earthquake,reviewed,us,us,2022,9,Papua New Guinea
us7000i3cd,2022-08-29 12:55:57.259000+00:00,23 km NNE of Yigo Village,13.7441,144.9427,127.34,5.7,mww,us,2023-02-13T13:06:09.920Z,earthquake,reviewed,us,us,2022,8,Guam
us7000i3c8,2022-08-29 12:19:38.362000+00:00,126 km ENE of Naze,28.8646,130.6526,28.0,5.5,mww,us,2022-11-06T04:38:04.040Z,earthquake,reviewed,us,us,2022,8,Japan
us7000i38s,2022-08-29 03:29:13.691000+00:00,173 km WSW of Pariaman,-0.988,98.6046,17.0,6.2,mww,us,2022-11-06T04:38:22.040Z,earthquake,reviewed,us,us,2022,8,Indonesia
us7000i37c,2022-08-28 22:34:37.140000+00:00,Kepulauan Mentawai region,-1.0173,98.6652,43.0,5.7,mww,us,2022-11-06T04:38:30.040Z,earthquake,reviewed,us,us,2022,8,Indonesia
us6000id0t,2022-08-23 14:31:39.374000+00:00,119 km S of Pagar Alam,-5.0926,103.079,45.258,6.2,mww,us,2022-11-01T15:13:03.040Z,earthquake,reviewed,us,us,2022,8,Indonesia
us6000icif,2022-08-21 10:28:01.017000+00:00,50 km NW of Bahía de Caráquez,-0.2372,-80.6958,13.0,5.5,mww,us,2022-11-01T15:12:40.040Z,earthquake,reviewed,us,us,2022,8,Ecuador
us6000ibtm,2022-08-18 07:46:27.625000+00:00,"Minahasa, Sulawesi",0.3574,124.3718,173.104,5.5,mww,us,2022-10-28T02:26:56.040Z,earthquake,reviewed,us,us,2022,8,Indonesia
us6000ibju,2022-08-17 12:56:31.898000+00:00,171 km N of Metinaro,-7.0024,125.4656,480.972,5.5,mww,us,2022-10-28T02:26:45.040Z,earthquake,reviewed,us,us,2022,8,Timor Leste
us6000ibi3,2022-08-17 04:24:44.961000+00:00,261 km SSE of Katsuura,33.1235,141.7775,10.0,5.6,mww,us,2022-10-28T02:26:39.040Z,earthquake,reviewed,us,us,2022,8,Japan
us6000iaqi,2022-08-14 08:20:00.340000+00:00,194 km NNE of Nagqu,33.1157,92.7977,5.0,5.7,mww,us,2022-10-28T02:25:50.040Z,earthquake,reviewed,us,us,2022,8,China
us6000ianq,2022-08-14 03:11:52.365000+00:00,29 km SSW of Luganville,-15.7828,167.1018,21.0,5.8,mww,us,2022-10-28T02:25:48.040Z,earthquake,reviewed,us,us,2022,8,Vanuatu
us6000iamw,2022-08-14 02:47:46.891000+00:00,157 km NW of Ternate,1.7974,126.3859,30.0,5.7,mww,us,2022-10-28T02:25:47.040Z,earthquake,reviewed,us,us,2022,8,Indonesia
us6000iakp,2022-08-13 18:57:15.821000+00:00,86 km NNE of Lae,-5.9982,147.2807,45.0,5.9,mww,us,2022-10-28T02:25:44.040Z,earthquake,reviewed,us,us,2022,8,Papua New Guinea
us6000iaik,2022-08-13 13:02:35.260000+00:00,28 km S of Luganville,-15.7756,167.1322,20.0,5.7,mww,us,2022-10-28T02:25:38.040Z,earthquake,reviewed,us,us,2022,8,Vanuatu
us6000iag5,2022-08-13 06:25:32.230000+00:00,"Moro Gulf, Mindanao",6.9062,123.792,19.913,5.8,mww,us,2022-10-28T02:25:35.040Z,earthquake,reviewed,us,us,2022,8,Philippines
us6000i9br,2022-08-09 10:37:41.447000+00:00,Off the coast of Aisen,-44.5957,-80.078,10.0,5.7,mww,us,2022-10-21T23:19:41.040Z,earthquake,reviewed,us,us,2022,8,Chile
us6000i904,2022-08-08 05:37:16.133000+00:00,142 km SSW of Kokopo,-5.5115,151.7362,32.0,5.6,mww,us,2022-10-21T23:19:05.040Z,earthquake,reviewed,us,us,2022,8,Papua New Guinea
us6000i8vz,2022-08-07 13:40:42.835000+00:00,109 km E of Shikotan,43.7392,148.0852,61.92,5.9,mww,us,2022-10-21T23:18:48.040Z,earthquake,reviewed,us,us,2022,8,Russia
us6000i89c,2022-08-05 04:38:39.387000+00:00,Kermadec Islands,-30.3148,-177.6858,16.0,5.8,mww,us,2022-10-12T14:50:45.040Z,earthquake,reviewed,us,us,2022,8,New Zealand
us6000i7xr,2022-08-04 03:39:45.898000+00:00,Izu Islands,32.6119,142.5292,11.525,5.7,mww,us,2022-10-12T14:50:23.040Z,earthquake,reviewed,us,us,2022,8,Japan region
us6000i7k8,2022-08-02 21:11:42.144000+00:00,268 km E of Levuka,-18.1856,-178.1483,536.317,5.6,mww,us,2022-10-12T14:50:04.040Z,earthquake,reviewed,us,us,2022,8,Fiji
us6000i6yz,2022-07-31 13:42:15.318000+00:00,16 km SE of Pasni,25.1448,63.5694,27.11,5.6,mww,us,2022-10-12T14:49:13.040Z,earthquake,reviewed,us,us,2022,7,Pakistan
us6000i6pa,2022-07-29 23:05:42.964000+00:00,264 km SE of Vilyuchinsk,51.1629,160.9755,7.0,5.6,mww,us,2022-10-01T22:09:31.040Z,earthquake,reviewed,us,us,2022,7,Russia
us6000i6g9,2022-07-29 13:01:12.614000+00:00,14 km E of Mugur-Aksy,50.3804,90.6346,7.0,5.5,mww,us,2022-10-01T22:09:29.040Z,earthquake,reviewed,us,us,2022,7,Russia
us6000i693,2022-07-28 18:28:22.160000+00:00,eastern New Guinea region,-7.0524,146.7654,10.362,5.8,mww,us,2022-10-01T22:09:27.040Z,earthquake,reviewed,us,us,2022,7,Papua New Guinea
us6000i636,2022-07-28 04:15:03.913000+00:00,22 km NW of Tocopilla,-21.9311,-70.3386,54.0,6.1,mww,us,2022-10-01T22:09:25.040Z,earthquake,reviewed,us,us,2022,7,Chile
us6000i5zi,2022-07-27 18:58:58.306000+00:00,Antofagasta,-22.1876,-68.5789,112.0,6.2,mww,us,2022-10-01T22:09:24.040Z,earthquake,reviewed,us,us,2022,7,Chile
us6000i5va,2022-07-27 09:36:49.319000+00:00,24 km SE of Neiafu,-18.7923,-173.8095,11.054,5.6,mww,us,2022-10-01T22:09:23.040Z,earthquake,reviewed,us,us,2022,7,Tonga
us6000i5rd,2022-07-27 00:43:26.871000+00:00,11 km NE of Bantay,17.5207,120.8181,33.729,7.0,mww,us,2023-01-11T00:05:00.181Z,earthquake,reviewed,us,us,2022,7,Philippines
us7000htbb,2022-07-25 13:33:28.666000+00:00,9 km N of San Gabriel,0.676,-77.8293,2.544,5.7,mww,us,2022-10-26T18:08:47.776Z,earthquake,reviewed,us,us,2022,7,Ecuador
us7000hszl,2022-07-23 16:09:06.681000+00:00,69 km NE of Bandar-e Lengeh,26.9783,55.3932,11.0,5.6,mww,us,2022-10-01T22:09:45.040Z,earthquake,reviewed,us,us,2022,7,Iran
us7000hsmm,2022-07-22 11:31:45.949000+00:00,55 km S of Isangel,-20.042,169.2669,71.0,5.5,mww,us,2022-09-27T16:57:15.040Z,earthquake,reviewed,us,us,2022,7,Vanuatu
us7000hsg4,2022-07-21 17:07:25.226000+00:00,53 km S of K?ng Tung,21.1504,99.8777,5.0,5.9,mww,us,2022-09-27T16:57:12.040Z,earthquake,reviewed,us,us,2022,7,Myanmar
us6000i3hy,2022-07-18 18:40:33.197000+00:00,215 km W of Longyearbyen,78.5816,6.214,10.0,5.9,mww,us,2022-09-27T16:57:00.040Z,earthquake,reviewed,us,us,2022,7,Svalbard and Jan Mayen
us6000i2v0,2022-07-15 19:37:22.791000+00:00,Off the coast of Aisen,-44.6215,-79.6496,24.499,6.4,mww,us,2022-09-24T21:25:32.040Z,earthquake,reviewed,us,us,2022,7,Chile
us6000i2j3,2022-07-14 22:30:11.448000+00:00,11 km SW of Samborondón,-2.0369,-79.7903,73.0,5.7,mww,us,2022-09-24T21:25:36.040Z,earthquake,reviewed,us,us,2022,7,Ecuador
us6000i2fn,2022-07-14 17:50:27.142000+00:00,16 km WNW of Port-Olry,-15.0115,166.9262,20.0,5.8,mww,us,2022-09-24T21:25:38.040Z,earthquake,reviewed,us,us,2022,7,Vanuatu
us6000i1yw,2022-07-12 23:36:12.967000+00:00,3 km SW of La Capilla,-16.7782,-71.2091,24.937,5.5,mww,us,2022-09-24T21:25:48.040Z,earthquake,reviewed,us,us,2022,7,Peru
us6000i1q3,2022-07-12 02:04:52.235000+00:00,141 km SSW of Gataivai,-14.8908,-173.0297,10.0,5.7,mww,us,2022-09-24T21:25:53.040Z,earthquake,reviewed,us,us,2022,7,Samoa
us6000i1pn,2022-07-12 00:35:05.019000+00:00,118 km NE of Hihifo,-15.2502,-172.9633,10.0,5.8,mww,us,2022-09-24T21:25:54.040Z,earthquake,reviewed,us,us,2022,7,Tonga
us6000i1nd,2022-07-11 22:23:33.499000+00:00,136 km NE of Hihifo,-14.9761,-173.0223,10.0,5.6,mww,us,2022-09-24T21:25:54.040Z,earthquake,reviewed,us,us,2022,7,Tonga
us6000i1ms,2022-07-11 21:10:47.785000+00:00,82 km ESE of Port-Vila,-18.1404,168.9678,10.0,6.0,mww,us,2022-09-24T21:25:55.040Z,earthquake,reviewed,us,us,2022,7,Vanuatu
us6000i1ml,2022-07-11 21:06:03.879000+00:00,89 km ESE of Port-Vila,-18.1242,169.0534,10.0,5.7,mww,us,2022-09-24T21:25:55.040Z,earthquake,reviewed,us,us,2022,7,Vanuatu
us6000i12c,2022-07-08 23:43:29.293000+00:00,Pagan region,18.8211,146.9402,10.0,5.9,mww,us,2023-02-10T23:53:36.322Z,earthquake,reviewed,us,us,2022,7,Northern Mariana Islands
us6000i126,2022-07-08 23:36:06.595000+00:00,Pagan region,18.8957,146.9699,10.0,5.8,mww,us,2022-09-13T06:25:45.040Z,earthquake,reviewed,us,us,2022,7,Northern Mariana Islands
us6000i09s,2022-07-06 15:12:28.560000+00:00,131 km W of Castro,-42.2963,-75.3571,10.0,5.5,mww,us,2022-09-13T06:23:06.040Z,earthquake,reviewed,us,us,2022,7,Chile
us6000hzas,2022-07-02 01:59:45.250000+00:00,58 km SSE of Shebunino,45.9178,142.0358,309.0,5.9,mww,us,2022-09-13T06:20:39.040Z,earthquake,reviewed,us,us,2022,7,Russia
us6000hz8x,2022-07-01 21:32:07.977000+00:00,52 km NE of Bandar-e Lengeh,26.9061,55.2389,16.0,6.0,mww,us,2022-09-03T21:03:27.040Z,earthquake,reviewed,us,us,2022,7,Iran
us6000hywe,2022-06-30 18:40:36.938000+00:00,49 km NNE of Namuac,19.0236,121.3363,30.0,6.0,mww,us,2022-09-03T21:03:23.040Z,earthquake,reviewed,us,us,2022,6,Philippines
us7000hk9n,2022-06-26 02:02:34.927000+00:00,108 km S of Atico,-17.177,-73.7809,9.03,5.7,mww,us,2022-09-03T21:03:39.040Z,earthquake,reviewed,us,us,2022,6,Peru
us7000hk3w,2022-06-25 03:37:14.329000+00:00,31 km NE of K?sh,26.7341,54.2683,12.0,5.6,mww,us,2022-09-03T21:03:36.040Z,earthquake,reviewed,us,us,2022,6,Iran
us7000hjgi,2022-06-23 02:04:30.689000+00:00,115 km NW of Alotau,-9.4793,149.8333,10.0,5.5,mww,us,2022-08-28T03:20:23.040Z,earthquake,reviewed,us,us,2022,6,Papua New Guinea
us7000hj75,2022-06-22 05:01:19.152000+00:00,142 km N of Ruteng,-7.3221,120.4333,499.8,5.6,mww,us,2022-08-28T03:20:03.040Z,earthquake,reviewed,us,us,2022,6,Indonesia
us7000hj3u,2022-06-21 20:54:34.410000+00:00,55 km SW of Kh?st,33.0203,69.4639,4.0,6.0,mww,us,2023-02-01T23:54:11.900Z,earthquake,reviewed,us,us,2022,6,Afghanistan
us7000hixl,2022-06-21 07:14:53.666000+00:00,Bonin Islands,27.8624,142.7323,10.0,5.9,mww,us,2022-08-29T04:33:56.507Z,earthquake,reviewed,us,us,2022,6,Japan region
us7000him8,2022-06-20 01:05:07.321000+00:00,38 km SSW of Hualien City,23.6544,121.4725,8.0,5.9,mww,us,2022-08-28T03:19:02.040Z,earthquake,reviewed,us,us,2022,6,Taiwan
us7000hiil,2022-06-19 09:55:19.070000+00:00,126 km WNW of Naha,26.7173,126.5426,7.0,5.5,mww,us,2022-08-28T03:18:42.040Z,earthquake,reviewed,us,us,2022,6,Japan
us7000hhhc,2022-06-15 06:06:02.539000+00:00,23 km NE of K?sh,26.6789,54.212,9.0,5.5,mww,us,2022-08-21T00:17:25.040Z,earthquake,reviewed,us,us,2022,6,Iran
us7000hh98,2022-06-14 09:09:32.433000+00:00,136 km N of Lae,-5.4918,147.078,189.119,5.6,mww,us,2022-08-21T00:17:04.040Z,earthquake,reviewed,us,us,2022,6,Papua New Guinea
us7000hgp6,2022-06-11 07:29:54.270000+00:00,87 km E of Georgetown,-7.9871,-13.6166,10.0,5.6,mww,us,2022-08-21T00:15:54.040Z,earthquake,reviewed,us,us,2022,6,Saint Helena
us7000hg9p,2022-06-09 17:28:35.801000+00:00,249 km NW of Tianpeng,32.3726,101.8721,7.0,5.9,mww,us,2022-08-13T21:52:10.040Z,earthquake,reviewed,us,us,2022,6,China
us7000hg8b,2022-06-09 16:03:26.522000+00:00,247 km NW of Tianpeng,32.3152,101.8363,10.14,5.6,mww,us,2022-08-13T21:52:45.040Z,earthquake,reviewed,us,us,2022,6,China
us7000hfu0,2022-06-08 05:32:37.927000+00:00,39 km WSW of Mamuju,-2.7693,118.5386,23.58,5.8,mww,us,2022-08-13T21:52:24.040Z,earthquake,reviewed,us,us,2022,6,Indonesia
us7000hfrj,2022-06-08 00:55:46.777000+00:00,107 km SSW of Tarauacá,-9.0472,-71.1783,622.73,6.5,mww,us,2022-08-13T21:53:07.040Z,earthquake,reviewed,us,us,2022,6,Brazil
us7000hfjt,2022-06-07 13:24:13.974000+00:00,79 km ESE of Gorontalo,0.1487,123.6638,131.78,5.6,mww,us,2022-08-13T21:52:42.040Z,earthquake,reviewed,us,us,2022,6,Indonesia
us7000hf1u,2022-06-04 23:38:12.123000+00:00,"Rat Islands, Aleutian Islands",52.0536,178.2682,105.0,6.3,mww,us,2023-02-11T23:48:25.237Z,earthquake,reviewed,us,us,2022,6,Alaska
us7000hexp,2022-06-04 13:07:25.926000+00:00,129 km NW of Neiafu,-17.9601,-174.9679,237.0,6.3,mww,us,2022-08-13T21:52:47.040Z,earthquake,reviewed,us,us,2022,6,Tonga
us7000heku,2022-06-03 07:03:35.211000+00:00,140 km WNW of Naha,26.7819,126.4199,10.0,5.6,mww,us,2022-08-06T22:13:22.040Z,earthquake,reviewed,us,us,2022,6,Japan
us7000hefw,2022-06-02 18:54:31.063000+00:00,26 km ENE of Bacolod,9.0182,126.5097,38.76,5.5,mww,us,2022-08-06T22:13:19.040Z,earthquake,reviewed,us,us,2022,6,Philippines
us7000he1h,2022-06-01 09:00:08.401000+00:00,48 km W of Linqiong,30.3951,102.9582,12.0,5.8,mww,us,2023-02-04T11:54:04.113Z,earthquake,reviewed,us,us,2022,6,China
us7000hdae,2022-05-28 15:32:25.852000+00:00,129 km ESE of Pangai,-20.1469,-173.163,10.0,5.6,mww,us,2022-08-06T22:13:01.040Z,earthquake,reviewed,us,us,2022,5,Tonga
us7000hda6,2022-05-28 14:11:12.811000+00:00,187 km NNW of Sola,-12.2477,167.0674,215.0,5.6,mww,us,2022-08-06T22:13:01.040Z,earthquake,reviewed,us,us,2022,5,Vanuatu
us7000hcwg,2022-05-27 02:36:05.556000+00:00,37 km NE of Lospalos,-8.2572,127.2079,49.0,6.2,mww,us,2022-08-02T19:50:56.040Z,earthquake,reviewed,us,us,2022,5,Timor Leste
us7000hcw4,2022-05-27 01:07:32.178000+00:00,14 km SE of Santiago,-14.276,-75.6205,43.0,5.5,mww,us,2022-08-02T19:50:56.040Z,earthquake,reviewed,us,us,2022,5,Peru
us7000hcmn,2022-05-26 12:02:21.110000+00:00,10 km W of Azángaro,-14.9076,-70.2924,236.0,7.2,mww,us,2022-08-02T19:50:53.040Z,earthquake,reviewed,us,us,2022,5,Peru
us7000hcir,2022-05-25 21:43:01.068000+00:00,12 km WNW of Santa María Zapotitlán,16.1693,-95.9576,34.0,5.5,mww,us,2022-08-02T19:50:51.040Z,earthquake,reviewed,us,us,2022,5,Mexico
us7000hc71,2022-05-24 12:57:59.372000+00:00,42 km ENE of Palca,-17.6213,-69.5902,156.0,5.5,mww,us,2022-08-02T19:50:48.040Z,earthquake,reviewed,us,us,2022,5,Peru
us7000hc03,2022-05-23 19:26:36.011000+00:00,108 km S of Lakatoro,-17.0791,167.4955,10.0,5.6,mww,us,2022-08-02T19:50:45.040Z,earthquake,reviewed,us,us,2022,5,Vanuatu
us6000hn6m,2022-05-23 02:01:05.931000+00:00,136 km SSE of Shizunai-furukawach?,41.2357,143.0991,34.0,5.5,mww,us,2022-08-02T19:50:42.040Z,earthquake,reviewed,us,us,2022,5,Japan
us6000hn4d,2022-05-22 15:17:31.327000+00:00,235 km SSE of Katsuura,33.2279,141.4121,12.0,6.0,mww,us,2022-08-02T19:50:40.040Z,earthquake,reviewed,us,us,2022,5,Japan
us6000hmz8,2022-05-21 21:50:48.047000+00:00,1 km S of Lian,14.0187,120.6494,129.0,6.1,mww,us,2022-08-02T19:50:38.040Z,earthquake,reviewed,us,us,2022,5,Philippines
us6000hmkd,2022-05-20 09:07:46.967000+00:00,79 km NW of Coquimbo,-29.5345,-72.0046,19.64,5.7,mww,us,2022-07-24T02:40:33.040Z,earthquake,reviewed,us,us,2022,5,Chile
us6000hlxv,2022-05-18 06:27:54.837000+00:00,"Rat Islands, Aleutian Islands",51.1004,178.7167,18.0,5.7,mww,us,2022-07-24T02:39:48.040Z,earthquake,reviewed,us,us,2022,5,Alaska
us6000hlxg,2022-05-18 03:52:25.111000+00:00,227 km SSE of Katsuura,33.3301,141.4573,13.0,5.6,mww,us,2022-07-24T02:39:45.040Z,earthquake,reviewed,us,us,2022,5,Japan
us6000hlry,2022-05-17 13:17:52.144000+00:00,224 km SSE of Katsuura,33.3872,141.5114,13.0,5.5,mww,us,2022-07-24T02:39:29.040Z,earthquake,reviewed,us,us,2022,5,Japan
us6000hlq7,2022-05-17 06:04:53.424000+00:00,230 km SSE of Katsuura,33.3852,141.6529,10.0,5.5,mww,us,2022-07-24T02:39:22.040Z,earthquake,reviewed,us,us,2022,5,Japan
us6000hlak,2022-05-15 11:09:53.272000+00:00,299 km WSW of Merizo Village,11.921,142.2807,22.0,5.5,mww,us,2023-02-12T11:20:14.334Z,earthquake,reviewed,us,us,2022,5,Guam
us7000h8g3,2022-05-10 23:06:32.368000+00:00,86 km NNW of San Antonio de los Cobres,-23.496,-66.6519,220.0,6.8,mww,us,2022-08-12T11:38:28.703Z,earthquake,reviewed,us,us,2022,5,Argentina
us7000h8bc,2022-05-10 13:18:11.553000+00:00,90 km NW of Port-Vila,-17.2457,167.632,14.0,5.8,mww,us,2022-07-22T18:31:11.040Z,earthquake,reviewed,us,us,2022,5,Vanuatu
us7000h87i,2022-05-09 22:33:06.873000+00:00,178 km SW of Lorengau,-3.3591,146.3506,10.0,6.3,mww,us,2022-08-09T06:41:47.400Z,earthquake,reviewed,us,us,2022,5,Papua New Guinea
us7000h82f,2022-05-09 06:23:02.067000+00:00,70 km SW of Yonakuni,24.0406,122.4888,21.0,6.2,mww,us,2022-07-22T18:31:08.040Z,earthquake,reviewed,us,us,2022,5,Japan
us7000h803,2022-05-08 21:51:39.714000+00:00,90 km W of Tobelo,1.8437,127.2017,39.28,5.6,mww,us,2022-07-22T18:31:07.040Z,earthquake,reviewed,us,us,2022,5,Indonesia
pr2022128001,2022-05-08 13:32:58.400000+00:00,84 km NNE of Cruz Bay,18.9755,-64.3585,25.0,5.5,ml,pr,2022-07-22T18:31:06.040Z,earthquake,reviewed,pr,pr,2022,5,U.S. Virgin Islands
us7000h7s7,2022-05-07 11:53:56.580000+00:00,137 km WNW of Naha,26.7906,126.4642,10.0,5.5,mww,us,2022-07-22T18:31:05.040Z,earthquake,reviewed,us,us,2022,5,Japan
us7000h7da,2022-05-05 20:15:47.817000+00:00,78 km WNW of Port-Vila,-17.3758,167.6793,18.0,5.6,mww,us,2022-07-09T21:40:04.040Z,earthquake,reviewed,us,us,2022,5,Vanuatu
us7000h781,2022-05-05 08:21:15.666000+00:00,94 km SE of Lukatan,6.5295,127.1315,18.0,6.0,mww,us,2022-07-09T21:40:02.040Z,earthquake,reviewed,us,us,2022,5,Philippines
us7000h74t,2022-05-04 21:41:06.134000+00:00,90 km ESE of Bobon,6.4879,127.0565,19.82,5.6,mww,us,2022-07-09T21:39:59.040Z,earthquake,reviewed,us,us,2022,5,Philippines
us7000h69c,2022-05-01 21:57:49.305000+00:00,Volcano Islands,23.6503,142.7068,54.0,5.5,mww,us,2022-07-09T21:39:48.040Z,earthquake,reviewed,us,us,2022,5,Japan region
us7000h67f,2022-05-01 12:50:30.597000+00:00,81 km SSE of Panguna,-7.0256,155.6883,35.0,5.5,mww,us,2022-07-09T21:39:46.040Z,earthquake,reviewed,us,us,2022,5,Papua New Guinea
us7000h5mc,2022-04-28 13:21:13.122000+00:00,175 km NE of Madang,-3.9148,146.6901,10.0,6.1,mww,us,2022-08-09T06:32:19.622Z,earthquake,reviewed,us,us,2022,4,Papua New Guinea
us6000hfqj,2022-04-22 21:07:48.316000+00:00,15 km NNE of Ljubinje,43.0742,18.1803,10.0,5.7,mww,us,2022-11-11T11:22:02.601Z,earthquake,reviewed,us,us,2022,4,Bosnia and Herzegovina
us6000hf75,2022-04-21 07:42:46.508000+00:00,55 km WSW of Masachapa,11.5537,-86.9604,27.0,6.6,mww,us,2022-06-26T01:20:26.040Z,earthquake,reviewed,us,us,2022,4,Nicaragua
us6000hf49,2022-04-20 21:57:43.018000+00:00,50 km ESE of Manay,6.9686,126.9241,19.0,6.0,mww,us,2022-06-26T01:20:15.040Z,earthquake,reviewed,us,us,2022,4,Philippines
us7000h3j0,2022-04-20 11:19:05.569000+00:00,4 km WSW of San Pedro de Atacama,-22.928,-68.2444,102.28,5.7,mww,us,2022-06-26T01:20:03.040Z,earthquake,reviewed,us,us,2022,4,Chile
us7000h393,2022-04-19 04:33:43.436000+00:00,119 km E of ‘Ohonua,-21.501,-173.8111,18.0,5.9,mww,us,2022-06-26T01:19:34.040Z,earthquake,reviewed,us,us,2022,4,Tonga
us7000h373,2022-04-19 01:23:07.057000+00:00,41 km E of Santiago,7.2852,126.9533,19.0,6.1,mww,us,2022-06-26T01:19:27.040Z,earthquake,reviewed,us,us,2022,4,Philippines
us7000h36n,2022-04-18 23:33:34.705000+00:00,131 km SE of Kirakira,-11.267,162.8021,11.5,5.5,mww,us,2022-06-26T01:19:23.040Z,earthquake,reviewed,us,us,2022,4,Solomon Islands
us7000h1lv,2022-04-13 03:00:56.312000+00:00,28 km WSW of Kokopo,-4.4297,152.0242,149.0,6.1,mww,us,2022-06-20T22:08:01.040Z,earthquake,reviewed,us,us,2022,4,Papua New Guinea
us7000h1lc,2022-04-13 01:22:32.819000+00:00,145 km WNW of Naha,26.8566,126.4128,8.0,5.6,mww,us,2022-06-20T22:08:00.040Z,earthquake,reviewed,us,us,2022,4,Japan
us7000h1bs,2022-04-11 19:15:36.239000+00:00,290 km SSE of Alo,-16.7729,-177.1805,10.0,5.5,mww,us,2022-06-20T22:07:52.040Z,earthquake,reviewed,us,us,2022,4,Wallis and Futuna
us7000h0yj,2022-04-09 20:52:38.456000+00:00,63 km WSW of Norsup,-16.3146,166.8601,17.0,6.3,mww,us,2022-06-20T22:07:36.040Z,earthquake,reviewed,us,us,2022,4,Vanuatu
us7000h0x9,2022-04-09 16:29:16.350000+00:00,"Rat Islands, Aleutian Islands",51.1489,178.7349,22.0,5.7,mww,us,2023-02-11T16:42:13.663Z,earthquake,reviewed,us,us,2022,4,Alaska
us7000h0jz,2022-04-07 23:36:10.821000+00:00,45 km SE of Hengchun,21.7031,121.0439,10.0,5.7,mww,us,2022-06-11T20:21:13.040Z,earthquake,reviewed,us,us,2022,4,Taiwan
us7000h035,2022-04-06 05:29:43.954000+00:00,202 km NNW of Sabang,7.423,94.3078,10.0,5.5,mww,us,2022-06-11T20:21:07.040Z,earthquake,reviewed,us,us,2022,4,Indonesia
us7000gzq8,2022-04-05 01:44:08.299000+00:00,128 km W of Tobelo,1.9361,126.8713,36.0,5.9,mww,us,2022-06-11T20:21:04.040Z,earthquake,reviewed,us,us,2022,4,Indonesia
usd000h551,2022-04-04 16:06:57.662000+00:00,56 km WNW of Port-Vila,-17.4723,167.8625,31.0,6.0,mww,us,2022-06-11T20:21:22.040Z,earthquake,reviewed,us,us,2022,4,Vanuatu
us7000gzcf,2022-04-03 10:24:54.783000+00:00,55 km E of Cortes,9.2559,126.6946,17.04,5.6,mww,us,2022-06-11T20:21:00.040Z,earthquake,reviewed,us,us,2022,4,Philippines
us7000gyza,2022-04-01 13:05:18.925000+00:00,272 km ESE of Tadine,-22.6,170.2659,16.0,5.5,mww,us,2022-06-04T20:42:35.040Z,earthquake,reviewed,us,us,2022,4,New Caledonia
us7000gymz,2022-03-31 06:12:24.839000+00:00,271 km ESE of Tadine,-22.3751,170.3502,10.0,5.6,mb,us,2022-06-04T20:42:28.040Z,earthquake,reviewed,us,us,2022,3,New Caledonia
us7000gymw,2022-03-31 06:02:09.293000+00:00,277 km ESE of Tadine,-22.4628,170.3834,10.0,5.6,mww,us,2022-06-04T20:42:27.040Z,earthquake,reviewed,us,us,2022,3,New Caledonia
us7000gyln,2022-03-31 03:06:47.419000+00:00,255 km ESE of Tadine,-22.4028,170.1737,10.0,5.7,mww,us,2022-06-04T20:42:27.040Z,earthquake,reviewed,us,us,2022,3,New Caledonia
us7000gyj0,2022-03-30 20:56:58.105000+00:00,284 km ESE of Tadine,-22.666,170.3659,10.0,6.9,mww,us,2022-06-04T20:42:25.040Z,earthquake,reviewed,us,us,2022,3,New Caledonia
us7000gy5q,2022-03-29 17:13:07.966000+00:00,off the coast of Michoacan,15.2452,-104.3584,10.0,5.5,mww,us,2022-06-04T20:42:19.040Z,earthquake,reviewed,us,us,2022,3,Mexico
us7000gxlu,2022-03-27 04:28:12.421000+00:00,7 km SE of Esmeraldas,0.9038,-79.6109,19.0,5.8,mww,us,2022-06-04T20:42:08.040Z,earthquake,reviewed,us,us,2022,3,Ecuador
us7000gx8m,2022-03-25 16:21:03.998000+00:00,148 km SSW of Laojunmiao,38.5365,97.2898,10.0,5.7,mww,us,2022-05-28T18:35:36.040Z,earthquake,reviewed,us,us,2022,3,China
us6000h6sl,2022-03-22 20:29:58.188000+00:00,63 km S of Hualien City,23.4084,121.5099,18.0,5.8,mww,us,2022-05-28T18:35:25.040Z,earthquake,reviewed,us,us,2022,3,Taiwan
us6000h6s3,2022-03-22 19:35:03.930000+00:00,52 km S of Hualien City,23.5048,121.542,24.0,5.5,mwr,us,2022-05-28T18:35:25.040Z,earthquake,reviewed,us,us,2022,3,Taiwan
us6000h6rn,2022-03-22 17:43:25.213000+00:00,62 km S of Hualien City,23.42,121.4901,16.66,5.9,mb,us,2022-08-06T08:20:10.758Z,earthquake,reviewed,us,us,2022,3,Taiwan
us6000h6nr,2022-03-22 17:41:38.584000+00:00,65 km S of Hualien City,23.3839,121.6118,24.0,6.7,mww,us,2022-08-10T03:20:17.453Z,earthquake,reviewed,us,us,2022,3,Taiwan
us6000h5uk,2022-03-18 19:04:18.686000+00:00,147 km N of Ishigaki,25.6706,123.998,165.94,5.9,mww,us,2022-05-27T14:55:39.040Z,earthquake,reviewed,us,us,2022,3,Japan
us6000h5cy,2022-03-17 11:33:37.138000+00:00,146 km WNW of Naha,26.8146,126.3749,9.0,5.7,mww,us,2022-05-27T14:55:31.040Z,earthquake,reviewed,us,us,2022,3,Japan
us6000h58x,2022-03-16 23:15:47.266000+00:00,59 km NNW of Bandar-e Lengeh,27.0219,54.5843,22.0,5.9,mww,us,2022-05-27T14:55:19.040Z,earthquake,reviewed,us,us,2022,3,Iran
us6000h53e,2022-03-16 15:52:29.990000+00:00,83 km SE of Ishinomaki,37.8061,141.8531,55.01,5.5,mb,us,2022-05-27T14:55:29.040Z,earthquake,reviewed,us,us,2022,3,Japan
us6000h519,2022-03-16 14:36:30.997000+00:00,57 km ENE of Namie,37.7132,141.5793,41.0,7.3,mww,us,2022-12-21T13:05:20.113Z,earthquake,reviewed,us,us,2022,3,Japan
us6000h518,2022-03-16 14:34:27.453000+00:00,62 km ENE of Namie,37.6468,141.6735,57.18,6.0,mwb,us,2022-05-27T14:55:29.040Z,earthquake,reviewed,us,us,2022,3,Japan
us6000h4z7,2022-03-16 06:06:36.198000+00:00,10 km SW of Madrigal,-15.6703,-71.8843,12.32,5.5,mww,us,2022-05-27T14:55:19.040Z,earthquake,reviewed,us,us,2022,3,Peru
us6000h49u,2022-03-13 21:38:43.829000+00:00,177 km W of Pariaman,-0.6087,98.5291,29.19,5.6,mww,us,2022-05-27T14:55:22.040Z,earthquake,reviewed,us,us,2022,3,Indonesia
us6000h48e,2022-03-13 21:09:22.258000+00:00,166 km W of Pariaman,-0.6294,98.6259,28.0,6.7,mww,us,2022-05-27T14:55:19.040Z,earthquake,reviewed,us,us,2022,3,Indonesia
us6000h48d,2022-03-13 21:05:49.469000+00:00,75 km WNW of Cabra,14.096,119.3811,11.0,6.4,mww,us,2022-05-27T14:55:19.040Z,earthquake,reviewed,us,us,2022,3,Philippines
us6000h2il,2022-03-06 09:35:07.133000+00:00,54 km WNW of Vinchina,-28.5436,-68.7112,105.17,5.5,mww,us,2022-08-06T09:12:35.292Z,earthquake,reviewed,us,us,2022,3,Argentina
us6000h2h0,2022-03-06 03:29:20.344000+00:00,3 km S of Zacatal,16.9112,-95.2004,94.63,5.5,mww,us,2022-05-14T21:52:18.040Z,earthquake,reviewed,us,us,2022,3,Mexico
us6000h2an,2022-03-05 12:02:41.150000+00:00,northern Sumatra,4.6517,95.0249,42.0,5.5,mww,us,2022-05-14T21:52:17.040Z,earthquake,reviewed,us,us,2022,3,Indonesia
us6000h27y,2022-03-05 01:10:08.274000+00:00,48 km NW of Abra Pampa,-22.4383,-66.0638,266.0,5.7,mww,us,2022-05-14T21:52:16.040Z,earthquake,reviewed,us,us,2022,3,Argentina
us6000h1qa,2022-03-03 14:40:33.040000+00:00,Veracruz,18.2008,-95.4044,109.88,5.7,mww,us,2022-05-07T21:32:46.040Z,earthquake,reviewed,us,us,2022,3,Mexico
us6000h1jt,2022-03-02 22:53:58.871000+00:00,69 km S of Kokopo,-4.9697,152.2405,38.12,5.5,mww,us,2022-08-06T09:25:37.026Z,earthquake,reviewed,us,us,2022,3,Papua New Guinea
us6000h1d2,2022-03-02 12:52:07.344000+00:00,Kermadec Islands,-30.0751,-177.7264,24.0,6.6,mww,us,2022-08-06T09:27:47.178Z,earthquake,reviewed,us,us,2022,3,New Zealand
us6000h0lw,2022-02-28 01:15:16.651000+00:00,66 km WNW of Arauco,-36.9801,-73.993,9.93,5.7,mww,us,2022-05-07T21:32:36.040Z,earthquake,reviewed,us,us,2022,2,Chile
us6000gzyg,2022-02-25 01:39:26.554000+00:00,65 km NNW of Bukittinggi,0.219,100.1006,4.0,6.1,mww,us,2022-10-21T05:07:54.889Z,earthquake,reviewed,us,us,2022,2,Indonesia
us7000gn6g,2022-02-23 12:49:31.002000+00:00,26 km SW of Santa Rosa del Sur,7.8174,-74.2494,50.69,5.5,mww,us,2022-05-04T13:40:05.040Z,earthquake,reviewed,us,us,2022,2,Colombia
us7000gmx3,2022-02-22 10:44:09.804000+00:00,25 km SW of Hihifo,-16.1151,-173.9733,163.0,5.9,mww,us,2022-05-19T09:38:36.285Z,earthquake,reviewed,us,us,2022,2,Tonga
us7000gmw3,2022-02-22 06:12:50.740000+00:00,58 km W of Abra Pampa,-22.6664,-66.2663,251.0,6.0,mww,us,2022-05-04T13:39:39.040Z,earthquake,reviewed,us,us,2022,2,Argentina
us7000gmrx,2022-02-21 20:52:32.543000+00:00,143 km WNW of Naha,26.8606,126.4361,11.49,5.6,mww,us,2022-05-04T13:39:27.040Z,earthquake,reviewed,us,us,2022,2,Japan
us7000gmnq,2022-02-21 16:22:33.830000+00:00,67 km NNE of Ruteng,-8.0904,120.7908,10.0,5.5,mww,us,2022-05-04T13:39:20.040Z,earthquake,reviewed,us,us,2022,2,Indonesia
us7000gmmb,2022-02-21 12:35:58.794000+00:00,47 km NNE of Ruteng,-8.2068,120.6211,20.0,5.7,mww,us,2022-05-04T13:39:17.040Z,earthquake,reviewed,us,us,2022,2,Indonesia
us7000gmgl,2022-02-20 18:29:27.263000+00:00,64 km SE of Pondaguitan,6.0071,126.6453,58.12,5.5,mww,us,2022-05-04T13:38:59.040Z,earthquake,reviewed,us,us,2022,2,Philippines
us7000gl8w,2022-02-16 07:12:22.847000+00:00,12 km WSW of Nueva Concepción,14.1476,-91.3982,60.0,6.2,mww,us,2022-11-12T05:29:59.830Z,earthquake,reviewed,us,us,2022,2,Guatemala
us7000gkvb,2022-02-14 20:28:21.244000+00:00,209 km W of Olonkinbyen,70.7114,-14.3853,10.0,5.7,mww,us,2022-04-30T14:18:13.040Z,earthquake,reviewed,us,us,2022,2,Svalbard and Jan Mayen
us7000gklv,2022-02-13 20:29:46.350000+00:00,168 km SSW of Merizo Village,11.7884,144.2842,15.0,6.0,mww,us,2023-02-13T20:42:03.581Z,earthquake,reviewed,us,us,2022,2,Guam
us7000gkgx,2022-02-13 08:21:47.647000+00:00,125 km W of Ternate,0.9313,126.2631,38.1,5.7,mww,us,2022-04-30T14:18:05.040Z,earthquake,reviewed,us,us,2022,2,Indonesia
us7000gkf7,2022-02-13 04:36:17.787000+00:00,57 km N of Namuac,19.1297,121.173,28.22,5.5,mww,us,2022-04-30T14:18:04.040Z,earthquake,reviewed,us,us,2022,2,Philippines
us7000gjy1,2022-02-11 07:14:53.332000+00:00,46 km E of Wewak,-3.5114,144.0527,10.0,5.5,mww,us,2022-04-19T17:39:52.040Z,earthquake,reviewed,us,us,2022,2,Papua New Guinea
us7000gj4q,2022-02-08 16:36:31.681000+00:00,Ryukyu Islands,26.8395,126.5254,10.0,5.6,mww,us,2022-04-19T17:39:09.040Z,earthquake,reviewed,us,us,2022,2,Japan
us7000gi69,2022-02-05 04:16:01.236000+00:00,45 km SW of Ashk?sham,36.4307,71.126,212.0,5.8,mww,us,2022-04-19T17:38:32.040Z,earthquake,reviewed,us,us,2022,2,Afghanistan
us7000ghm5,2022-02-03 15:58:57.367000+00:00,49 km NW of Barranca,-4.4661,-76.9283,110.0,6.5,mww,us,2022-04-15T17:57:16.040Z,earthquake,reviewed,us,us,2022,2,Peru
us7000gh9y,2022-02-02 10:26:33.511000+00:00,74 km ENE of ‘Ohonua,-21.1035,-174.2706,9.61,5.5,mww,us,2022-04-15T17:57:13.040Z,earthquake,reviewed,us,us,2022,2,Tonga
us7000gh1g,2022-02-01 19:25:10.031000+00:00,184 km NE of Lospalos,-7.483,128.3132,119.0,6.0,mww,us,2022-04-15T17:57:11.040Z,earthquake,reviewed,us,us,2022,2,Timor Leste
us7000ggkz,2022-01-31 11:21:46.538000+00:00,Kermadec Islands,-29.6348,-177.0354,14.0,5.7,mww,us,2022-04-15T17:57:07.040Z,earthquake,reviewed,us,us,2022,1,New Zealand
us7000gfti,2022-01-28 11:14:09.293000+00:00,281 km SW of Arenas,5.4966,-82.5844,8.0,6.0,mww,us,2022-08-21T19:47:32.328Z,earthquake,reviewed,us,us,2022,1,Panama
us7000gfq8,2022-01-28 00:31:25.174000+00:00,122 km SE of Arica,-19.1425,-69.3696,91.14,5.5,mww,us,2022-04-09T20:19:12.040Z,earthquake,reviewed,us,us,2022,1,Chile
us7000gfhb,2022-01-27 06:40:05.543000+00:00,220 km WNW of Pangai,-19.0992,-176.3135,6.2,6.2,mww,us,2022-04-09T20:19:09.040Z,earthquake,reviewed,us,us,2022,1,Tonga
us7000gebb,2022-01-23 02:21:19.926000+00:00,156 km SSW of Laojunmiao,38.4613,97.3425,10.0,5.6,mww,us,2022-05-31T22:08:08.642Z,earthquake,reviewed,us,us,2022,1,China
us7000ge5q,2022-01-22 05:17:04.896000+00:00,71 km S of Unalaska,53.2402,-166.682,29.0,6.2,mww,us,2023-01-22T05:27:05.768Z,earthquake,reviewed,us,us,2022,1,Alaska
us7000ge38,2022-01-22 02:26:13.323000+00:00,232 km SE of Sarangani,3.6724,126.6596,21.0,6.0,mww,us,2022-04-09T20:18:46.040Z,earthquake,reviewed,us,us,2022,1,Philippines
us7000gdwz,2022-01-21 16:08:37.210000+00:00,27 km SSE of Saiki,32.7282,132.0386,39.0,6.3,mww,us,2023-02-10T15:51:03.910Z,earthquake,reviewed,us,us,2022,1,Japan
us7000gdi6,2022-01-20 10:44:18.392000+00:00,67 km WNW of Abepura,-2.4732,140.0375,35.0,5.5,mww,us,2022-04-01T17:40:21.040Z,earthquake,reviewed,us,us,2022,1,Indonesia
us7000gcfv,2022-01-16 12:52:08.025000+00:00,74 km WSW of Panguna,-6.4492,154.8224,379.0,6.1,mww,us,2022-04-01T17:40:13.040Z,earthquake,reviewed,us,us,2022,1,Papua New Guinea
us7000gcfq,2022-01-16 11:48:05.261000+00:00,25 km SSE of Karyes,40.0413,24.361,7.0,5.5,mww,us,2022-04-01T17:40:13.040Z,earthquake,reviewed,us,us,2022,1,Greece
us7000gc8r,2022-01-15 04:14:45+00:00,68 km NNW of Nuku‘alofa,-20.546,-175.39,0.0,5.8,ms_20,us,2022-11-15T02:42:10.861Z,volcanic eruption,reviewed,us,us,2022,1,Tonga
us7000gbu4,2022-01-14 09:05:41.461000+00:00,80 km SW of Labuan,-6.86,105.2887,33.0,6.6,mww,us,2022-03-19T22:08:01.040Z,earthquake,reviewed,us,us,2022,1,Indonesia
us7000gbb7,2022-01-12 13:16:21.730000+00:00,43 km ENE of Lae,-6.6002,147.3665,80.0,5.6,mww,us,2022-03-19T22:07:53.040Z,earthquake,reviewed,us,us,2022,1,Papua New Guinea
us7000gba7,2022-01-12 10:49:35.347000+00:00,22 km ENE of Eltham,-39.3264,174.519,193.29,5.7,mww,us,2022-03-19T22:07:52.040Z,earthquake,reviewed,us,us,2022,1,New Zealand
us7000gawq,2022-01-11 12:53:45.679000+00:00,82 km SE of Nikolski,52.4378,-167.9609,16.72,5.8,mww,us,2022-08-06T14:33:13.633Z,earthquake,reviewed,us,us,2022,1,Alaska
us7000gawk,2022-01-11 12:39:32.454000+00:00,53 km SE of Nikolski,52.5791,-168.3275,19.0,6.6,mww,us,2023-01-11T12:49:46.228Z,earthquake,reviewed,us,us,2022,1,Alaska
us7000gavu,2022-01-11 11:35:43.674000+00:00,100 km SE of Nikolski,52.3415,-167.7554,20.0,6.8,mww,us,2023-01-11T11:45:57.771Z,earthquake,reviewed,us,us,2022,1,Alaska
us7000gaqu,2022-01-11 01:07:48.064000+00:00,48 km WNW of Pólis,35.2267,31.9435,21.0,6.6,mww,us,2022-06-08T04:06:23.087Z,earthquake,reviewed,us,us,2022,1,Cyprus
us7000gai4,2022-01-10 08:36:02.078000+00:00,23 km NW of Trancas,-26.0798,-65.4393,8.0,5.6,mww,us,2022-03-19T22:07:35.040Z,earthquake,reviewed,us,us,2022,1,Argentina
us7000gaex,2022-01-09 21:43:47.201000+00:00,5 km NNW of Flórina,40.8272,21.3919,13.45,5.5,mww,us,2022-03-19T22:07:33.040Z,earthquake,reviewed,us,us,2022,1,Greece
us7000ga9y,2022-01-09 02:05:46.830000+00:00,New Britain region,-7.2106,152.6649,13.0,5.7,mww,us,2022-06-23T19:21:03.456Z,earthquake,reviewed,us,us,2022,1,Papua New Guinea
us7000ga3i,2022-01-08 03:24:08.615000+00:00,110 km NW of Copiapó,-26.6816,-71.138,13.0,5.9,mww,us,2022-03-19T22:07:27.040Z,earthquake,reviewed,us,us,2022,1,Chile
us7000g9zq,2022-01-07 17:45:30.809000+00:00,northern Qinghai,37.8283,101.29,13.0,6.6,mww,us,2022-05-20T05:35:37.367Z,earthquake,reviewed,us,us,2022,1,China
us7000g9vi,2022-01-07 10:27:06.721000+00:00,6 km NW of Cocachacra,-11.8659,-76.5753,95.84,5.6,mww,us,2022-08-08T00:59:57.464Z,earthquake,reviewed,us,us,2022,1,Peru
us7000g90c,2022-01-04 20:55:46.858000+00:00,284 km E of Katabu,-4.8065,125.0808,544.0,6.0,mww,us,2022-03-12T22:19:07.040Z,earthquake,reviewed,us,us,2022,1,Indonesia
us7000g8zf,2022-01-04 18:31:55.600000+00:00,113 km SSE of Isangel,-20.4804,169.7151,117.71,5.8,mww,us,2022-03-12T22:19:07.040Z,earthquake,reviewed,us,us,2022,1,Vanuatu
us7000g8rm,2022-01-03 21:08:51.066000+00:00,Bonin Islands,27.1965,141.5457,40.0,5.8,mww,us,2022-03-12T22:19:05.040Z,earthquake,reviewed,us,us,2022,1,Japan region
us7000g8n3,2022-01-03 09:46:35.767000+00:00,66 km E of Hualien City,24.0079,122.2592,19.0,6.2,mww,us,2022-12-15T04:25:35.010Z,earthquake,reviewed,us,us,2022,1,Taiwan
us7000g8kq,2022-01-03 02:09:44.647000+00:00,110 km NW of Sola,-13.1864,166.8148,104.0,6.0,mww,us,2022-03-12T22:19:02.040Z,earthquake,reviewed,us,us,2022,1,Vanuatu
